h1,h2,loss,train_acc,valid_acc,time_s
1024,512,0.8790584239356048,0.80314,0.804,0.510732458998973
512,256,0.9452894886436365,0.7918,0.7879,0.21007683300194913
256,128,1.039520653160027,0.77392,0.7686,0.111064417000307
128,64,1.0934803141352465,0.76078,0.759,0.07396887499999139
