learning_rate,epochs,loss,train_acc,valid_acc,time_s
0.1,60,0.03556315748787978,0.9928,0.9053,29.5231899169994
0.1,70,0.01738876418170074,0.9941,0.8997,34.28283358399858
0.1,80,0.011906725786211889,0.99844,0.9046,39.19863075000103
0.1,90,0.0048621882820892555,0.99992,0.9059,44.1385005000011
0.05,60,0.08061578231947043,0.97444,0.8981,29.394718666997505
0.05,70,0.05592859936568438,0.98944,0.9014,34.33112116600023
0.05,80,0.041149427671261764,0.988,0.8977,39.15492779100168
0.05,90,0.045361257201094,0.9952,0.9027,44.56130308300271
